{"cameraMode":{"drawMode":0,"name":"Shaded","section":"Shading Mode"},"sceneLighting":false,"audioPlay":false,"sceneViewState":{"showFog":true,"showMaterialUpdate":false,"showSkybox":true,"showFlares":true,"showImageEffects":true,"showParticleSystems":true},"in2DMode":false,"pivot":{"x":15.223967552185059,"y":1.6865514516830445,"z":-0.1474420130252838},"rotation":{"x":-0.00029011681908741593,"y":-0.6977474093437195,"z":0.029565855860710145,"w":0.7157334089279175},"size":8.638850212097168,"orthographic":false}