{"cameraMode":{"drawMode":0,"name":"Shaded","section":"Shading Mode"},"sceneLighting":false,"audioPlay":false,"sceneViewState":{"showFog":true,"showMaterialUpdate":false,"showSkybox":false,"showFlares":true,"showImageEffects":true,"showParticleSystems":true},"in2DMode":false,"pivot":{"x":2.1007261276245119,"y":4.771130561828613,"z":-7.885979652404785},"rotation":{"x":-0.2348170280456543,"y":0.012151178903877736,"z":0.024800099432468416,"w":0.9716472625732422},"size":8.222153663635254,"orthographic":false}