{"cameraMode":{"drawMode":0,"name":"Shaded","section":"Shading Mode"},"sceneLighting":true,"audioPlay":false,"sceneViewState":{"showFog":true,"showMaterialUpdate":false,"showSkybox":true,"showFlares":true,"showImageEffects":true,"showParticleSystems":true},"in2DMode":false,"pivot":{"x":-17.62152671813965,"y":2.1359214782714845,"z":0.0},"rotation":{"x":-0.06917241960763931,"y":0.048462674021720889,"z":-0.0033641497138887645,"w":-0.9964212775230408},"size":2.836317300796509,"orthographic":false}