{"cameraMode":{"drawMode":0,"name":"Shaded","section":"Shading Mode"},"sceneLighting":true,"audioPlay":false,"sceneViewState":{"showFog":true,"showMaterialUpdate":false,"showSkybox":true,"showFlares":true,"showImageEffects":true,"showParticleSystems":true},"in2DMode":false,"pivot":{"x":-7.044029235839844,"y":1.4512410163879395,"z":1.5841736793518067},"rotation":{"x":-0.061556585133075717,"y":-0.23053820431232453,"z":0.014614440500736237,"w":-0.9710142016410828},"size":3.0206074714660646,"orthographic":false}