{"cameraMode":{"drawMode":0,"name":"Shaded","section":"Shading Mode"},"sceneLighting":true,"audioPlay":false,"sceneViewState":{"showFog":true,"showMaterialUpdate":false,"showSkybox":true,"showFlares":true,"showImageEffects":true,"showParticleSystems":true},"in2DMode":false,"pivot":{"x":0.11192125082015991,"y":1.8308937549591065,"z":0.36344146728515627},"rotation":{"x":-0.16751210391521455,"y":-0.00680498918518424,"z":0.0011563091538846493,"w":-0.9858461022377014},"size":6.955985069274902,"orthographic":false}